oai_url,application,version,earliest_datestamp,repository_name,set_spec,context_name,stats_id,total_record_count,issn,country_marc,country_issn,country_tld,country_ip,country_consolidated,last_completed_update,first_beacon,last_beacon,last_oai_response,unresponsive_endpoint,unresponsive_context,record_count_2020,record_count_2021,record_count_2022,record_count_2023,issn_buscado,openalex_id,works_count,cited_by_count,h_index,2yr_mean_citedness,is_in_openalex,error,indice_visibilidad,indice_visibilidad_ajustado,tasa_indexacion_openalex,es_chile_activa
https://revistadelaconstruccion.uc.cl/index.php/index/oai,ojs,3.2.1.4,2018-12-11T11:20:45Z,Revistas UC,bjur,Boletín Jurídico del Observatorio de Libertad Religiosa de América Latina y El Caribe,5a281158ae477,4475,2452-5561,cl,CL,CL,,cl,2024-10-12 04:55:42+00:00,2024-05-17 20:05:47+00:00,2024-10-14 20:14:17+00:00,2024-10-12 04:52:39+00:00,0,0,15,0,983,2681,2452-5561,,0,0,0,0.0,False,,0.0,0.0,0.0,True
https://safer.uct.cl/index.php/index/oai,ojs,3.3.0.11,2023-01-25T14:16:02Z,,safer,"Sustainability, Agri, Food and Environmental Research-DESCONTINUADA",5465178f43fb2,719,0719-3726,Chile,CL,CL,,cl,2024-10-10 04:34:47+00:00,2020-05-05 22:05:13+00:00,2024-09-13 12:41:13+00:00,2024-10-10 04:34:42+00:00,0,0,0,0,0,702,0719-3726,S2736865885,324,461,9,0.2622950819672131,True,,0.6411682892906815,1.4228395061728396,0.4506258692628651,True
https://academiaone.org/index.php/index/oai,ojs,3.3.0.14,2023-04-24T17:51:47Z,Academia One,2,Diversity Research: Journal of Analysis and Trends,642e721191c1f,240,2810-6393,cl,CL,,,cl,2024-10-20 08:18:23+00:00,2023-04-28 09:06:58+00:00,2024-04-12 07:20:29+00:00,2024-10-20 08:17:35+00:00,0,0,0,0,0,153,2810-6393,,0,0,0,0.0,False,,0.0,0.0,0.0,True
https://esla.letras.uc.cl/index.php/index/oai,ojs,3.2.1.4,2018-12-11T11:20:45Z,Revistas UC,esla,English Studies in Latin America: A Journal of Cultural and Literary Criticism,5a281158ae477,231,0719-9139,cl,CL,CL,,cl,2024-10-11 07:43:47+00:00,2024-01-29 14:26:29+00:00,2024-10-15 20:27:08+00:00,2024-10-11 07:40:31+00:00,0,0,15,10,11,119,0719-9139,S4389158279,0,0,1,0.0,True,,0.0,0.0,0.0,True
https://revistas.udec.cl/index.php/index/oai,ojs,3.2.0.3,2017-05-14T04:45:46Z,Revistas Académicas Universidad de Concepción,chjaas,Chilean Journal of Agricultural & Animal Sciences,58e51e0ae72e0,385,0719-3890,cl,CL,CL,CL,cl,2024-10-02 07:40:56+00:00,2020-06-10 13:58:40+00:00,2022-12-26 11:47:32+00:00,2024-10-02 07:38:14+00:00,0,0,32,32,35,105,0719-3890,S4210172773,214,680,10,0.6025641025641025,True,,1.7662337662337662,3.177570093457944,0.5558441558441558,True
https://www.revistaproyecciones.cl/index.php/index/oai,ojs,3.4.0.5,2014-05-31T21:57:20Z,Revistas Científicas de la Universidad Católica del Norte,proyecciones,Proyecciones. Revista de Matemática,53879a384bfcd,1251,0717-6279,Chile,CL,CL,CL,cl,2024-10-01 04:44:03+00:00,2020-05-06 11:36:25+00:00,2024-10-07 20:48:31+00:00,2024-10-01 04:43:27+00:00,0,0,100,83,85,91,0717-6279,S4210193274,1159,3222,21,0.3121693121693121,True,,2.575539568345324,2.779982743744608,0.926458832933653,True
https://academiaone.org/index.php/index/oai,ojs,3.3.0.14,2023-04-24T17:51:47Z,Academia One,4,Open Academia: Journal of Scholarly Research,642e721191c1f,163,2810-6377,cl,CL,,,cl,2024-10-20 08:18:23+00:00,2023-04-28 09:06:58+00:00,2024-04-12 07:20:29+00:00,2024-10-20 08:17:35+00:00,0,0,0,0,0,88,2810-6377,,0,0,0,0.0,False,,0.0,0.0,0.0,True
https://horizonteenfermeria.uc.cl/index.php/index/oai,ojs,3.2.1.4,2018-12-11T11:20:45Z,Revistas UC,RHE,Horizonte de Enfermería,5a281158ae477,603,0719-6946,cl,CL,CL,,cl,2024-09-28 07:06:13+00:00,2024-01-11 20:01:06+00:00,2024-09-06 13:27:41+00:00,2024-09-28 07:02:42+00:00,0,0,73,28,9,83,0719-6946,S4210167916,207,142,6,0.3495145631067961,True,,0.2354892205638474,0.6859903381642513,0.3432835820895522,True
https://analesliteraturachilena.letras.uc.cl/index.php/index/oai,ojs,3.2.1.4,2018-12-11T11:20:45Z,Revistas UC,alch,Anales de Literatura Chilena,5a281158ae477,956,0717-6058,cl,CL,CL,,cl,2024-09-30 08:19:36+00:00,2024-01-12 15:42:41+00:00,2024-09-24 21:51:15+00:00,2024-09-30 08:15:59+00:00,0,0,20,79,259,82,0717-6058,S71612694,432,194,5,0.0384615384615384,True,,0.202928870292887,0.449074074074074,0.4518828451882845,True
https://analesliteraturachilena.letras.uc.cl/index.php/index/oai,ojs,3.2.1.4,2018-12-11T11:20:45Z,Revistas UC,onom,Onomázein,5a281158ae477,1081,0718-5758,cl,CL,CL,,cl,2024-09-30 08:19:36+00:00,2024-01-12 15:42:41+00:00,2024-09-24 21:51:15+00:00,2024-09-30 08:15:59+00:00,0,0,78,54,81,74,0718-5758,S206910646,325,845,13,0.0,True,,0.7816836262719704,2.6,0.3006475485661424,True
https://cuadernosdearte.uc.cl/index.php/index/oai,ojs,3.2.1.4,2018-12-11T11:20:45Z,Revistas UC,CDA,CUADERNOS DE ARTE,5a281158ae477,74,0717-2672,cl,CL,CL,,cl,2024-10-12 05:30:07+00:00,2024-05-30 21:27:48+00:00,2024-05-30 21:32:35+00:00,2024-10-12 05:27:40+00:00,0,0,0,0,0,74,0717-2672,S4387290231,0,0,1,0.0,True,,0.0,0.0,0.0,True
https://www.revistas.unam.mx/index.php/index/oai,ojs,3.3.0.8,2024-10-07T04:29:18Z,Revistas de la UNAM,aidis,"Revista AIDIS de ingeniería y ciencias ambientales: Investigación, desarrollo y práctica",index_934,897,0718-378X,cl,CL,MX,MX,cl,2024-10-07 04:34:38+00:00,2021-05-15 15:42:27+00:00,2024-10-18 18:04:59+00:00,2024-10-07 04:29:19+00:00,0,0,81,101,104,69,0718-378X,S4210190119,315,292,5,0.3051948051948052,True,,0.3255295429208473,0.926984126984127,0.3511705685618729,True
https://revistas.ucsc.cl/index.php/index/oai,ojs,3.3.0.7,2016-05-27T15:05:17Z,Revistas Académicas,rexe,REXE- Revista de Estudios y Experiencias en Educación,465483f45349a,686,0718-5162,cl,CL,CL,CL,cl,2024-10-21 10:03:39+00:00,2020-06-27 11:49:46+00:00,2024-10-15 19:33:41+00:00,2024-10-21 10:02:33+00:00,0,0,6,53,78,66,0718-5162,S2739091560,388,1870,18,1.137931034482759,True,,2.7259475218658893,4.819587628865979,0.565597667638484,True
https://revistaotorrino-sochiorl.cl/index.php/index/oai,ojs,3.3.0.11,2022-08-03T22:11:45Z,,orl,Revista de otorrinolaringología y cirugía de cabeza y cuello,62e9862bcc81a,994,0718-4816,cl,CL,CL,,cl,2024-09-29 06:10:43+00:00,2022-08-02 13:17:27+00:00,2024-10-09 14:47:00+00:00,2024-09-29 06:10:38+00:00,0,0,0,0,175,56,0718-4816,S4210190511,966,1213,11,0.0687022900763358,True,,1.2203219315895373,1.2556935817805384,0.971830985915493,True
https://revistareumatologia.cl/index.php/index/oai,ojs,3.3.0.11,2022-09-14T18:43:49Z,,rcr,Revista Chilena de Reumatología,631b48cf760df,88,2810-6032,cl,CL,CL,,cl,2024-10-01 04:22:42+00:00,2022-09-09 07:41:22+00:00,2024-09-11 20:53:41+00:00,2024-10-01 04:22:35+00:00,0,0,0,0,12,56,2810-6032,S4393915643,0,0,0,0.0,True,,0.0,0.0,0.0,True
https://academiaone.org/index.php/index/oai,ojs,3.3.0.14,2023-04-24T17:51:47Z,Academia One,8,Progress Annals: Journal of Progressive Research,642e721191c1f,174,2810-6466,cl,CL,,,cl,2024-10-20 08:18:23+00:00,2023-04-28 09:06:58+00:00,2024-04-12 07:20:29+00:00,2024-10-20 08:17:35+00:00,0,0,0,0,0,53,2810-6466,,0,0,0,0.0,False,,0.0,0.0,0.0,True
https://blacpma.ms-editions.cl/index.php/index/oai,ojs,3.2.1.1,2021-07-03T23:18:22Z,,blacpma,Boletín Latinoamericano y del Caribe de Plantas Medicinales y Aromáticas,5f1ce497eebb0,439,0717-7917,Chile,CL,CL,CL,cl,2024-10-09 05:09:41+00:00,2020-07-25 19:05:01+00:00,2024-09-14 17:10:49+00:00,2024-10-09 05:09:36+00:00,0,0,52,64,55,52,0717-7917,S996477303,1115,4854,26,0.7913043478260869,True,,11.056947608200456,4.353363228699552,2.5398633257403187,True
https://cuadernos.info/index.php/index/oai,ojs,3.2.1.4,2018-12-11T11:20:45Z,Revistas UC,cdi,Cuadernos.info,5a281158ae477,822,0719-367X,cl,CL,,,cl,2024-09-10 07:38:39+00:00,2024-01-26 14:02:58+00:00,2024-10-17 19:14:15+00:00,2024-09-10 07:34:40+00:00,0,0,73,74,37,52,0719-367X,S4210167915,35,129,17,0.0,True,,0.156934306569343,3.6857142857142855,0.0425790754257907,True
http://www.autoctonia.cl/index.php/index/oai,ojs,3.1.2.4,2020-11-10T16:44:43Z,,autoc,Autoctonía. Revista de Ciencias Sociales e Historia,57f31fc89ed92,275,0719-8213,Chile,CL,CL,CL,cl,2024-09-29 05:35:50+00:00,2020-06-04 11:55:10+00:00,2024-10-18 21:18:34+00:00,2024-09-29 05:35:44+00:00,0,0,23,33,43,51,0719-8213,S4210214574,185,135,6,0.1571428571428571,True,,0.4909090909090909,0.7297297297297297,0.6727272727272727,True
https://revistas.udd.cl/index.php/index/oai,ojs,3.3.0.17,2020-09-12T03:32:39Z,Portal de revistas académicas de la Universidad del Desarrollo,confluencia,Revista Confluencia,5e01416836acf,266,2735-6027,Chile,CL,CL,CL,cl,2024-10-07 05:27:00+00:00,2020-05-13 09:31:31+00:00,2024-10-21 01:37:00+00:00,2024-10-07 05:26:40+00:00,0,0,84,52,53,51,2735-6027,,0,0,0,0.0,False,,0.0,0.0,0.0,True
https://revistahistoria.uc.cl/index.php/index/oai,ojs,3.2.1.4,2018-12-11T11:20:45Z,Revistas UC,rhis,Historia,5a281158ae477,911,0717-7194,cl,CL,CL,,cl,2024-09-11 06:04:12+00:00,2024-01-12 19:22:47+00:00,2024-07-05 21:50:24+00:00,2024-09-11 06:00:24+00:00,0,0,26,20,46,51,0717-7194,S973993200,771,1782,17,0.1571428571428571,True,,1.9560922063666304,2.311284046692607,0.8463227222832053,True
https://revistainclusiones.org/index.php/index/oai,ojs,3.2.0.3,2020-12-26T15:18:05Z,,inclu,Revista Inclusiones,5ebd32a1dc095,2671,0719-4706,cl,CL,,GB,cl,2024-09-29 04:27:31+00:00,2020-05-30 20:22:16+00:00,2024-09-04 13:22:56+00:00,2024-09-29 04:27:26+00:00,0,0,849,636,125,47,0719-4706,S2737790442,2049,1124,14,0.160377358490566,True,,0.4208161737177087,0.5485602733040508,0.7671284163234744,True
https://academiaone.org/index.php/index/oai,ojs,3.3.0.14,2023-04-24T17:51:47Z,Academia One,6,Open Herald: Periodical of Methodical Research,642e721191c1f,149,2810-6385,cl,CL,,,cl,2024-10-20 08:18:23+00:00,2023-04-28 09:06:58+00:00,2024-04-12 07:20:29+00:00,2024-10-20 08:17:35+00:00,0,0,0,0,0,46,2810-6385,,0,0,0,0.0,False,,0.0,0.0,0.0,True
https://www.observatorioeconomico.cl/index.php/index/oai,ojs,3.3.0.19,2023-09-30T20:05:47Z,,oe,Observatorio Económico,5ded2c6ccfa67,554,0719-9597,Chile,CL,CL,US,cl,2024-10-01 07:12:05+00:00,2020-08-21 19:48:31+00:00,2024-10-18 20:41:22+00:00,2024-10-01 07:11:57+00:00,0,0,44,36,47,42,0719-9597,S4210209342,632,181,5,0.0898876404494382,True,,0.3267148014440433,0.2863924050632911,1.1407942238267148,True
https://revistadelaconstruccion.uc.cl/index.php/index/oai,ojs,3.2.1.4,2018-12-11T11:20:45Z,Revistas UC,RDLC,Revista de la Construcción. Journal of Construction,5a281158ae477,459,0718-915X,cl,CL,CL,,cl,2024-10-12 04:55:42+00:00,2024-05-17 20:05:47+00:00,2024-10-14 20:14:17+00:00,2024-10-12 04:52:39+00:00,0,0,56,43,52,42,0718-915X,S995157691,430,2023,22,2.1333333333333333,True,,4.407407407407407,4.7046511627906975,0.9368191721132898,True
https://ojs.uc.cl/index.php/index/oai,ojs,3.2.1.4,2018-12-11T11:20:45Z,Revistas UC,psykhe,Psykhe,5a281158ae477,872,0718-2228,cl,CL,CL,,cl,2024-10-11 07:44:44+00:00,2024-01-09 20:48:00+00:00,2024-10-18 13:37:34+00:00,2024-10-11 07:41:33+00:00,0,0,16,44,33,41,0718-2228,S110868954,611,5853,36,0.7534246575342466,True,,6.712155963302752,9.579378068739771,0.7006880733944955,True
https://cuhso.uct.cl/index.php/index/oai,ojs,3.3.0.11,2022-09-07T21:58:27Z,,cuhso,REVISTA CUHSO,5465178f43fb2,910,2452-610X,cl,CL,CL,CL,cl,2024-10-08 06:46:50+00:00,2020-05-03 11:27:02+00:00,2024-10-11 15:51:01+00:00,2024-10-08 06:46:42+00:00,0,0,0,89,214,40,2452-610X,S4387283128,0,0,10,0.1864406779661017,True,,0.0,0.0,0.0,True
https://academiaone.org/index.php/index/oai,ojs,3.3.0.14,2023-04-24T17:51:47Z,Academia One,7,Wire Insights: Journal of Innovation Insights,642e721191c1f,69,2810-6458,cl,CL,,,cl,2024-10-20 08:18:23+00:00,2023-04-28 09:06:58+00:00,2024-04-12 07:20:29+00:00,2024-10-20 08:17:35+00:00,0,0,0,0,0,40,2810-6458,,0,0,0,0.0,False,,0.0,0.0,0.0,True
https://www.neumologia-pediatrica.cl/index.php/index/oai,ojs,3.4.0.3,2021-01-26T01:45:50Z,,NP,Neumología Pediátrica,5fc5a9248b2bb,372,0718-333X,Chile,CL,CL,US,cl,2024-05-09 19:57:34+00:00,2020-12-02 05:14:10+00:00,2024-03-04 19:23:37+00:00,2024-05-09 19:57:31+00:00,0,0,48,172,41,39,0718-333X,S4210212550,354,240,6,0.0941176470588235,True,,0.6451612903225806,0.6779661016949152,0.9516129032258064,True
https://nuestramerica.cl/ojs/index.php/index/oai,ojs,3.3.0.10,2022-07-02T17:46:58Z,Revistas nuestrAmérica,nuestramerica,Revista nuestrAmérica,5c4d0a68c6569,327,0719-3092,cl,CL,CL,CL,cl,2024-10-08 07:04:29+00:00,2020-05-02 13:02:44+00:00,2024-09-06 03:27:34+00:00,2024-10-08 07:04:14+00:00,0,0,21,77,54,39,0719-3092,S4306527784,168,18,2,0.0,True,,0.055045871559633,0.1071428571428571,0.5137614678899083,True
https://revistas.udec.cl/index.php/index/oai,ojs,3.2.0.3,2017-05-14T04:45:46Z,Revistas Académicas Universidad de Concepción,cienciayenfermeria,Ciencia y Enfermería,58e51e0ae72e0,751,0717-9553,Chile,CL,CL,CL,cl,2024-10-02 07:40:56+00:00,2020-06-10 13:58:40+00:00,2022-12-26 11:47:32+00:00,2024-10-02 07:38:14+00:00,0,0,25,50,40,38,0717-9553,S4210193385,627,5803,32,0.5,True,,7.727030625832223,9.25518341307815,0.8348868175765646,True
https://revistas.uv.cl/index.php/index/oai,ojs,3.3.0.17,2015-05-13T16:48:26Z,Portal de revistas - Universidad de Valparaíso,syt,Sur y Tiempo: Revista de Historia de América,5499cd3d812c2,104,2452-574X,cl,CL,CL,,cl,2024-10-13 06:09:19+00:00,2021-12-03 11:15:40+00:00,2024-10-17 12:38:42+00:00,2024-10-13 06:08:12+00:00,0,0,20,16,6,38,2452-574X,S4210190397,70,15,2,0.0444444444444444,True,,0.1442307692307692,0.2142857142857142,0.6730769230769231,True
https://tallerdeletras.letras.uc.cl/index.php/index/oai,ojs,3.2.1.4,2018-12-11T11:20:45Z,Revistas UC,TL,Taller de Letras,5a281158ae477,432,2735-6825,cl,CL,CL,,cl,2024-10-14 05:10:41+00:00,2024-08-15 14:18:49+00:00,2024-10-01 19:37:01+00:00,2024-10-14 05:08:34+00:00,0,0,65,32,35,38,2735-6825,,0,0,0,0.0,False,,0.0,0.0,0.0,True
https://www.jotmi.org/index.php/index/oai,ojs,3.3.0.19,2013-07-26T08:09:30Z,Journal of Technology Management and Innovation,GT,Journal of Technology Management & Innovation,52a4d440aee30,960,0718-2724,Chile,CL,,US,cl,2024-10-04 06:47:36+00:00,2020-05-04 20:27:07+00:00,2024-10-18 13:54:16+00:00,2024-10-04 06:47:31+00:00,0,0,28,45,36,37,0718-2724,S72326750,850,13671,51,1.3055555555555556,True,,14.240625,16.083529411764705,0.8854166666666666,True
https://revista-avante.com/index.php/index/oai,ojs,3.3.0.10,2023-08-01T14:56:18Z,,inicio,Revista Avante de Ciencias Sociales y Humanidades,624c7bb8ece10,80,0719-9740,cl,CL,,,cl,2024-09-29 04:08:45+00:00,2022-04-05 16:03:22+00:00,2024-10-11 14:28:30+00:00,2024-09-29 04:08:37+00:00,0,0,6,6,30,37,0719-9740,,0,0,0,0.0,False,,0.0,0.0,0.0,True
https://revistachilenadederecho.uc.cl/index.php/index/oai,ojs,3.2.1.4,2018-12-11T11:20:45Z,Revistas UC,Rchd,Revista Chilena de Derecho,5a281158ae477,2032,0716-0747,cl,CL,CL,,cl,2024-10-20 05:26:31+00:00,2024-04-27 00:22:38+00:00,2024-07-30 19:23:55+00:00,2024-10-20 05:21:48+00:00,0,0,95,65,37,37,0716-0747,S35203962,1897,2860,17,0.3134328358208955,True,,1.40748031496063,1.50764364786505,0.9335629921259844,True
https://www.chungara.cl/ojs/prod/index.php/index/oai,ojs,3.0.2.0,2020-06-04T21:40:11Z,,chungara,Chungara Revista de Antropología Chilena,,162,0717-7356,cl,CL,CL,,cl,2024-10-21 05:52:34+00:00,2023-12-26 15:06:58+00:00,2024-10-12 12:38:45+00:00,2024-10-21 05:52:24+00:00,0,0,7,58,42,36,0717-7356,S17808133,1047,7883,34,0.3561643835616438,True,,48.660493827160494,7.529130850047755,6.462962962962963,True
https://revistaingenieriaconstruccion.uc.cl/index.php/index/oai,ojs,3.2.1.4,2018-12-11T11:20:45Z,Revistas UC,ric,Revista Ingeniería de Construcción,5a281158ae477,675,0718-5073,cl,CL,CL,,cl,2024-10-11 07:27:31+00:00,2024-09-01 22:59:33+00:00,2024-10-18 23:34:05+00:00,2024-10-11 07:25:21+00:00,0,0,47,29,34,35,0718-5073,S4210232411,300,1739,16,0.2142857142857142,True,,2.576296296296296,5.796666666666667,0.4444444444444444,True
https://www.revistareder.com/ojs/index.php/index/oai,ojs,2.4.8.2,2023-01-15T07:08:09Z,Open Journal Systems,reder,Journal of Latin American Studies on Disaster Risk Reduction REDER,5a174b3f48d8a,167,0719-8477,Chile,CL,,US,cl,2024-10-02 05:37:04+00:00,2020-06-18 03:15:15+00:00,2024-10-16 08:36:46+00:00,2024-10-02 05:36:57+00:00,0,0,20,22,22,33,0719-8477,S4220651642,118,224,7,0.7090909090909091,True,,1.341317365269461,1.8983050847457628,0.7065868263473054,True
https://www.revistas.usach.cl/ojs/index.php/index/oai,ojs,3.4.0.5,2017-05-22T12:56:24Z,Revistas y Publicaciones de la Universidad de Santiago de Chile,ideas,Estudios Avanzados,5b22733b94176,336,0718-5014,Chile,CL,CL,CL,cl,2024-10-08 06:30:48+00:00,2020-05-20 13:55:41+00:00,2024-10-17 19:21:02+00:00,2024-10-08 06:29:56+00:00,0,0,12,18,9,32,0718-5014,S2738463636,330,172,5,0.0625,True,,0.5119047619047619,0.5212121212121212,0.9821428571428572,True
https://revistas.ucsc.cl/index.php/index/oai,ojs,3.3.0.7,2016-05-27T15:05:17Z,Revistas Académicas,biologiapesquera,Biologia Pesquera,465483f45349a,157,0067-8767,cl,CL,CL,CL,cl,2024-10-21 10:03:39+00:00,2020-06-27 11:49:46+00:00,2024-10-15 19:33:41+00:00,2024-10-21 10:02:33+00:00,0,0,0,0,0,32,0067-8767,S4389158153,0,0,8,0.1071428571428571,True,,0.0,0.0,0.0,True
https://revistarevueltas.cl/ojs/index.php/index/oai,ojs,3.1.2.1,2022-04-28T13:11:33Z,,revueltas,Revueltas. Revista chilena de Historia Social Popular,5d9b6618ec43d,100,2452-5707,Chile,CL,CL,CL,cl,2024-10-13 05:30:03+00:00,2020-05-14 15:16:28+00:00,2024-10-15 15:21:36+00:00,2024-10-13 05:29:58+00:00,0,0,15,19,20,31,2452-5707,,0,0,0,0.0,False,,0.0,0.0,0.0,True
https://www.revistas.usach.cl/ojs/index.php/index/oai,ojs,3.4.0.5,2017-05-22T12:56:24Z,Revistas y Publicaciones de la Universidad de Santiago de Chile,historiasocial,Revista de Historia Social y de las Mentalidades,5b22733b94176,481,0719-4749,Chile,CL,CL,CL,cl,2024-10-08 06:30:48+00:00,2020-05-20 13:55:41+00:00,2024-10-17 19:21:02+00:00,2024-10-08 06:29:56+00:00,0,0,15,21,22,31,0719-4749,S2738607317,206,315,4,0.225,True,,0.6548856548856549,1.529126213592233,0.4282744282744283,True
https://pedagogiaderecho.uchile.cl/index.php/index/oai,ojs,3.3.0.8,2024-09-30T05:57:32Z,Revistas de la Universidad de Chile,RPUD,Revista Pedagogía Universitaria y Didáctica del Derecho,5a149fcb88c5f,234,0719-5885,Chile,CL,CL,CL,cl,2024-09-30 06:10:57+00:00,2020-12-28 12:22:32+00:00,2024-09-06 13:28:09+00:00,2024-09-30 05:57:33+00:00,0,0,28,32,29,29,0719-5885,S2737133040,195,500,11,0.423728813559322,True,,2.1367521367521367,2.5641025641025643,0.8333333333333334,True
https://rjd.uandes.cl/index.php/index/oai,ojs,3.4.0.4,2017-12-12T07:45:59Z,Revista Jurídica Digital UANDES,rjduandes,Revista Jurídica Digital UANDES,57ca1b60c3378,152,0719-7942,Chile,CL,CL,CL,cl,2024-09-30 06:21:27+00:00,2020-07-24 15:04:01+00:00,2024-10-03 18:00:04+00:00,2024-09-30 06:21:19+00:00,0,0,15,24,18,28,0719-7942,S4210236157,110,51,4,0.0285714285714285,True,,0.3355263157894737,0.4636363636363636,0.7236842105263158,True
http://www.reto.ubo.cl/index.php/index/oai,ojs,3.2.1.2,2014-01-30T16:07:01Z,Revista Terapia Ocupacional,reto,Revista de Estudiantes de Terapia Ocupacional,52e6f4e37e4ee,127,0719-8264,Chile,CL,CL,CL,cl,2024-10-02 08:02:50+00:00,2020-07-30 05:55:06+00:00,2023-10-25 13:12:47+00:00,2024-10-02 08:02:42+00:00,0,0,14,24,6,28,0719-8264,,0,0,0,0.0,False,,0.0,0.0,0.0,True
https://revistas.udec.cl/index.php/index/oai,ojs,3.2.0.3,2017-05-14T04:45:46Z,Revistas Académicas Universidad de Concepción,Ergonomia_Investigacion,"Ergonomía, Investigación y Desarrollo",58e51e0ae72e0,177,2452-4859,Chile,CL,CL,CL,cl,2024-10-02 07:40:56+00:00,2020-06-10 13:58:40+00:00,2022-12-26 11:47:32+00:00,2024-10-02 07:38:14+00:00,0,0,33,35,33,27,2452-4859,S4210194554,71,45,3,0.1296296296296296,True,,0.2542372881355932,0.6338028169014085,0.4011299435028249,True
https://ediciones.ucsh.cl/index.php/index/oai,ojs,3.3.0.8,2017-11-27T12:16:56Z,Portal de Publicaciones Académicas UCSH,Perspectivas,Revista Perspectivas: Notas sobre intervención y acción social,5a0b01e18d96a,385,0717-1714,cl,CL,CL,,cl,2024-10-02 05:48:28+00:00,2022-01-13 16:10:29+00:00,2023-10-20 14:22:00+00:00,2024-10-02 05:47:23+00:00,0,0,19,36,16,26,0717-1714,S4210168542,360,236,7,0.3513513513513513,True,,0.612987012987013,0.6555555555555556,0.935064935064935,True
http://coloquio2019.cenaltes.cl/ojs/3401/index.php/index/oai,ojs,3.4.0.1,2024-03-30T05:25:48Z,Open Journal Systems,hybris,"HYBRIS, Revista de Filosofí­a",65c446968e095,329,0718-8382,cl,CL,CL,,cl,2024-05-10 02:25:48+00:00,2024-02-15 04:42:47+00:00,2024-02-20 13:20:31+00:00,2024-03-30 05:25:49+00:00,0,0,39,35,29,26,0718-8382,,0,0,0,0.0,False,,0.0,0.0,0.0,True
https://revistas.uv.cl/index.php/index/oai,ojs,3.3.0.17,2015-05-13T16:48:26Z,Portal de revistas - Universidad de Valparaíso,Perfiles,Perfiles Económicos,5499cd3d812c2,126,0719-7586,cl,CL,CL,,cl,2024-10-13 06:09:19+00:00,2021-12-03 11:15:40+00:00,2024-10-17 12:38:42+00:00,2024-10-13 06:08:12+00:00,0,0,11,26,5,25,0719-7586,S4210234215,87,83,4,0.0,True,,0.6587301587301587,0.9540229885057472,0.6904761904761905,True
https://pensamientoeducativo.uc.cl/index.php/index/oai,ojs,3.2.1.4,2018-12-11T11:20:45Z,Revistas UC,pel,Pensamiento Educativo,5a281158ae477,746,0719-0409,cl,CL,CL,,cl,2024-10-11 07:22:07+00:00,2024-01-12 16:00:32+00:00,2024-09-30 20:18:05+00:00,2024-10-11 07:18:58+00:00,0,0,30,24,24,25,0719-0409,S4210229652,220,669,16,1.2037037037037035,True,,0.8967828418230563,3.040909090909091,0.2949061662198391,True
https://revistas.umce.cl/index.php/index/oai,ojs,3.3.0.16,2017-04-24T10:07:19Z,Portal Oficial de Revistas Académicas de la UMCE,limes,Limes: Revista de Estudios Clásicos,56b34cf039b64,25,0716-5919,cl,CL,CL,CL,cl,2024-10-08 08:24:12+00:00,2020-05-26 09:04:53+00:00,2024-10-18 14:01:43+00:00,2024-10-08 08:23:14+00:00,0,0,0,0,0,25,0716-5919,,0,0,0,0.0,False,,0.0,0.0,0.0,True
https://revistas.academia.cl/index.php/index/oai,ojs,3.1.1.4,2015-01-08T18:02:34Z,Portal de Revistas de la Universidad Academia de Humanismo Cristiano,actos,Revista Actos,548056eab171e,106,2452-4727,Chile,CL,CL,CL,cl,2024-10-08 07:13:42+00:00,2020-05-08 14:48:18+00:00,2024-10-03 18:41:17+00:00,2024-10-08 07:13:06+00:00,0,0,19,18,23,24,2452-4727,S4210191914,81,24,3,0.0196078431372549,True,,0.2264150943396226,0.2962962962962963,0.7641509433962265,True
https://revistas.ubiobio.cl/index.php/index/oai,ojs,3.3.0.8,2014-11-17T13:52:03Z,Revistas Universidad del Bío-Bío,REINED,Revista Reflexión e Investigación Educacional,54257aa43a23d,124,2452-4638,cl,CL,CL,CL,cl,2024-09-30 07:35:43+00:00,2020-05-07 18:25:33+00:00,2024-10-18 18:52:24+00:00,2024-09-30 07:34:24+00:00,0,0,22,10,11,23,2452-4638,S4390297081,0,0,4,0.2058823529411764,True,,0.0,0.0,0.0,True
https://revistapropuestascriticas.uchile.cl/index.php/index/oai,ojs,3.3.0.8,2024-10-08T05:06:43Z,Revistas de la Universidad de Chile,RPCTS,Propuestas Críticas en Trabajo Social-Critical Proposals in Social Work,5a149fcb88c5f,90,2735-6620,Chile,CL,CL,CL,cl,2024-10-08 05:16:59+00:00,2021-01-27 05:09:52+00:00,2024-10-12 22:13:12+00:00,2024-10-08 05:06:44+00:00,0,0,0,28,27,23,2735-6620,S4210184370,38,78,4,0.1891891891891892,True,,0.8666666666666667,2.0526315789473686,0.4222222222222222,True
https://resonancias.uchile.cl/index.php/index/oai,ojs,3.3.0.8,2024-09-30T05:41:32Z,Revistas de la Universidad de Chile,RSN,Resonancias. Revista de Filosofía,5a149fcb88c5f,136,0719-790X,Chile,CL,CL,CL,cl,2024-09-30 05:53:31+00:00,2020-05-15 17:43:01+00:00,2024-09-27 15:25:29+00:00,2024-09-30 05:41:32+00:00,0,0,26,23,10,22,0719-790X,S4210194294,73,32,3,0.04,True,,0.2352941176470588,0.4383561643835616,0.5367647058823529,True
http://revistas.uach.cl/index.php/index/oai,ojs,3.3.0.10,2017-06-22T22:57:35Z,Revistas Electrónicas UACh en Texto Completo,revstul,Revista stultifera,62c48fef16c9b,137,0719-983X,cl,CL,CL,,cl,2024-10-01 04:47:38+00:00,2022-07-05 15:11:21+00:00,2024-10-17 19:39:45+00:00,2024-10-01 04:46:11+00:00,0,0,20,19,24,22,0719-983X,S4210224888,116,72,4,0.2653061224489796,True,,0.5255474452554745,0.6206896551724138,0.8467153284671532,True
https://ojs.uc.cl/index.php/index/oai,ojs,3.2.1.4,2018-12-11T11:20:45Z,Revistas UC,RDA,Revista de Derecho Aplicado LLM UC,5a281158ae477,94,2452-4344,cl,CL,CL,,cl,2024-10-11 07:44:44+00:00,2024-01-09 20:48:00+00:00,2024-10-18 13:37:34+00:00,2024-10-11 07:41:33+00:00,0,0,15,13,7,22,2452-4344,S4387292118,0,0,1,0.0,True,,0.0,0.0,0.0,True
https://revistadelaconstruccion.uc.cl/index.php/index/oai,ojs,3.2.1.4,2018-12-11T11:20:45Z,Revistas UC,RP,Revista Planeo,5a281158ae477,39,0719-2932,cl,CL,CL,,cl,2024-10-12 04:55:42+00:00,2024-05-17 20:05:47+00:00,2024-10-14 20:14:17+00:00,2024-10-12 04:52:39+00:00,0,0,0,5,0,22,0719-2932,S4387289646,0,0,2,0.0769230769230769,True,,0.0,0.0,0.0,True
https://revistalatderechoyreligion.uc.cl/index.php/index/oai,ojs,3.2.1.4,2018-12-11T11:20:45Z,Revistas UC,RLDR,Revista Latinoamericana de Derecho y Religión,5a281158ae477,196,0719-7160,cl,CL,CL,,cl,2024-10-20 06:13:22+00:00,2024-09-05 17:07:14+00:00,2024-09-05 17:07:14+00:00,2024-10-20 06:10:31+00:00,0,0,20,14,31,22,0719-7160,S4210192161,19,65,3,0.0666666666666666,True,,0.3316326530612244,3.421052631578948,0.096938775510204,True
https://www.revistas.usach.cl/ojs/index.php/index/oai,ojs,3.4.0.5,2017-05-22T12:56:24Z,Revistas y Publicaciones de la Universidad de Santiago de Chile,revistagpt,Revista Gestión de las Personas y Tecnología,5b22733b94176,358,0718-5693,Chile,CL,CL,CL,cl,2024-10-08 06:30:48+00:00,2020-05-20 13:55:41+00:00,2024-10-17 19:21:02+00:00,2024-10-08 06:29:56+00:00,0,0,21,21,21,21,0718-5693,S4210188556,175,181,7,0.5,True,,0.505586592178771,1.0342857142857145,0.4888268156424581,True
https://revistamad.uchile.cl/index.php/index/oai,ojs,3.3.0.8,2024-09-29T07:16:06Z,Revistas de la Universidad de Chile,RMAD,MAD,5a149fcb88c5f,358,0718-0527,Chile,CL,CL,CL,cl,2024-09-29 07:28:37+00:00,2020-10-27 11:55:51+00:00,2024-09-02 20:26:38+00:00,2024-09-29 07:16:07+00:00,0,0,17,11,5,21,0718-0527,S2736628705,392,694,10,0.0,True,,1.9385474860335197,1.770408163265306,1.094972067039106,True
https://revistas.uft.cl/index.php/index/oai,ojs,3.3.0.6,2020-04-30T21:14:01Z,Portal de Revistas,amox,Amoxtli,5e781d58194a1,76,0719-997X,cl,CL,CL,CL,cl,2024-10-02 06:51:11+00:00,2020-05-01 13:16:26+00:00,2024-10-10 20:31:19+00:00,2024-10-02 06:50:38+00:00,0,0,13,7,6,21,0719-997X,S4210197872,21,9,2,0.2592592592592592,True,,0.1184210526315789,0.4285714285714285,0.2763157894736842,True
https://revistaethika.uchile.cl/index.php/index/oai,ojs,3.3.0.8,2024-10-01T08:23:41Z,Revistas de la Universidad de Chile,ETK,Revista Ethika+,5a149fcb88c5f,120,2452-6037,Chile,CL,CL,CL,cl,2024-10-01 08:35:30+00:00,2020-05-04 06:49:14+00:00,2024-06-26 18:59:28+00:00,2024-10-01 08:23:41+00:00,0,0,25,32,35,20,2452-6037,S4210201307,83,83,4,0.0652173913043478,True,,0.6916666666666667,1.0,0.6916666666666667,True
https://revistas.ubiobio.cl/index.php/index/oai,ojs,3.3.0.8,2014-11-17T13:52:03Z,Revistas Universidad del Bío-Bío,RHS,Hábitat Sustentable,54257aa43a23d,219,0719-0700,cl,CL,CL,CL,cl,2024-09-30 07:35:43+00:00,2020-05-07 18:25:33+00:00,2024-10-18 18:52:24+00:00,2024-09-30 07:34:24+00:00,0,0,20,17,20,20,0719-0700,S4210233440,118,372,9,0.45,True,,1.6986301369863013,3.152542372881356,0.5388127853881278,True
https://revistaderecho.ucn.cl/index.php/index/oai,ojs,3.4.0.5,2014-05-31T21:57:20Z,Revistas Científicas de la Universidad Católica del Norte,revista-derecho,Revista de derecho (Coquimbo),53879a384bfcd,743,0718-9753,cl,CL,CL,CL,cl,2024-10-08 06:54:33+00:00,2020-05-11 12:33:30+00:00,2024-10-19 11:47:34+00:00,2024-10-08 06:54:26+00:00,0,0,24,22,24,20,0718-9753,S4210175593,779,968,11,0.217391304347826,True,,1.3028263795423958,1.2426187419768937,1.0484522207267832,True
https://haal.cl/index.php/index/oai,ojs,3.3.0.19,2020-04-21T00:21:10Z,,haal,Historia Agraria de América Latina,5e9ce17d9c130,114,2452-5162,Chile,CL,CL,US,cl,2024-10-05 04:19:18+00:00,2020-05-14 10:30:28+00:00,2024-10-06 11:19:07+00:00,2024-10-05 04:19:13+00:00,0,0,0,0,81,20,2452-5162,S4210198815,83,43,4,0.0888888888888888,True,,0.3771929824561403,0.5180722891566265,0.7280701754385965,True
https://www.revistas.usach.cl/ojs/index.php/index/oai,ojs,3.4.0.5,2017-05-22T12:56:24Z,Revistas y Publicaciones de la Universidad de Santiago de Chile,rizomas,Arboles y Rizomas,5b22733b94176,111,0719-9805,Chile,CL,CL,CL,cl,2024-10-08 06:30:48+00:00,2020-05-20 13:55:41+00:00,2024-10-17 19:21:02+00:00,2024-10-08 06:29:56+00:00,0,0,20,19,21,20,0719-9805,S4210208668,56,43,3,0.0333333333333333,True,,0.3873873873873873,0.7678571428571429,0.5045045045045045,True
https://revistaurbanismo.uchile.cl/index.php/index/oai,ojs,3.3.0.8,2024-09-29T09:34:58Z,Revistas de la Universidad de Chile,RU,Revista de Urbanismo,5a149fcb88c5f,466,0717-5051,Chile,CL,CL,CL,cl,2024-09-29 09:47:46+00:00,2020-06-05 14:28:43+00:00,2024-10-14 13:48:38+00:00,2024-09-29 09:34:59+00:00,0,0,21,23,22,20,0717-5051,S2739459161,649,822,12,0.5238095238095238,True,,1.7639484978540771,1.2665639445300465,1.3927038626609445,True
https://rhp.uchile.cl/index.php/index/oai,ojs,3.3.0.8,2024-10-21T06:51:56Z,Revistas de la Universidad de Chile,RHP,Revista Historia y Patrimonio,5a149fcb88c5f,42,2810-6245,cl,CL,CL,,cl,2024-10-21 07:03:20+00:00,2022-11-03 18:07:54+00:00,2024-08-06 19:08:18+00:00,2024-10-21 06:51:56+00:00,0,0,0,0,11,20,2810-6245,S4387286743,0,0,1,0.064516129032258,True,,0.0,0.0,0.0,True
https://cuadernosdeinvestigacion.unach.cl/index.php/index/oai,ojs,3.4.0.5,2023-10-09T13:01:03Z,,RCCI,Revista Científica Cuadernos de Investigación,6390cb9eaf45d,35,2810-6210,cl,CL,CL,,cl,2024-10-02 07:45:30+00:00,2022-12-07 09:22:08+00:00,2024-10-15 19:23:02+00:00,2024-10-02 07:45:22+00:00,0,0,0,0,0,20,2810-6210,S4387291577,0,0,1,0.0,True,,0.0,0.0,0.0,True
https://revistas.academia.cl/index.php/index/oai,ojs,3.1.1.4,2015-01-08T18:02:34Z,Portal de Revistas de la Universidad Academia de Humanismo Cristiano,castalia,Castalia - Revista de Psicología de la Academia,548056eab171e,150,0719-8051,cl,CL,CL,CL,cl,2024-10-08 07:13:42+00:00,2020-05-08 14:48:18+00:00,2024-10-03 18:41:17+00:00,2024-10-08 07:13:06+00:00,0,0,19,19,17,19,0719-8051,S4210192782,108,65,3,0.2702702702702703,True,,0.4333333333333333,0.6018518518518519,0.72,True
https://revistachilenaenfermeria.uchile.cl/index.php/index/oai,ojs,3.3.0.8,2024-09-29T08:09:10Z,Revistas de la Universidad de Chile,RCHE,Revista Chilena de Enfermería,5a149fcb88c5f,73,2452-5839,Chile,CL,CL,CL,cl,2024-09-29 08:21:08+00:00,2020-05-20 20:26:40+00:00,2024-10-01 15:22:48+00:00,2024-09-29 08:09:11+00:00,0,0,6,15,14,19,2452-5839,S4210220070,45,36,4,0.25,True,,0.4931506849315068,0.8,0.6164383561643836,True
https://www.revistas.usach.cl/ojs/index.php/index/oai,ojs,3.4.0.5,2017-05-22T12:56:24Z,Revistas y Publicaciones de la Universidad de Santiago de Chile,palimpsesto,Palimpsesto,5b22733b94176,181,0718-5898,Chile,CL,CL,CL,cl,2024-10-08 06:30:48+00:00,2020-05-20 13:55:41+00:00,2024-10-17 19:21:02+00:00,2024-10-08 06:29:56+00:00,0,0,20,23,18,18,0718-5898,S4210210808,55,23,2,0.2083333333333333,True,,0.1270718232044199,0.4181818181818181,0.3038674033149171,True
https://revistaestudiospoliticaspublicas.uchile.cl/index.php/index/oai,ojs,3.3.0.8,2024-09-30T04:57:01Z,Revistas de la Universidad de Chile,REPP,Revista Estudios de Políticas Públicas,5a149fcb88c5f,224,0719-6296,Chile,CL,CL,CL,cl,2024-09-30 05:08:18+00:00,2020-08-14 15:00:38+00:00,2024-10-09 02:09:47+00:00,2024-09-30 04:57:01+00:00,0,0,17,17,26,18,0719-6296,S4210214450,231,248,6,0.2727272727272727,True,,1.1071428571428572,1.0735930735930737,1.03125,True
https://revistas.uft.cl/index.php/index/oai,ojs,3.3.0.6,2020-04-30T21:14:01Z,Portal de Revistas,rer,Revista de Educación Religiosa,5e781d58194a1,112,2452-5936,Chile,CL,CL,CL,cl,2024-10-02 06:51:11+00:00,2020-05-01 13:16:26+00:00,2024-10-10 20:31:19+00:00,2024-10-02 06:50:38+00:00,0,0,23,24,17,17,2452-5936,S4210218676,87,63,4,0.2702702702702703,True,,0.5625,0.7241379310344828,0.7767857142857143,True
http://ojs.umc.cl/index.php/index/oai,ojs,3.1.1.4,2019-04-22T02:31:26Z,Universidad Miguel de Cervantes,estudioseneducacion,Revista Estudios en Educación,5d8d83d23fa8f,142,2452-4980,Chile,CL,CL,CL,cl,2024-10-08 05:17:21+00:00,2020-05-26 15:25:58+00:00,2024-09-09 15:32:50+00:00,2024-10-08 05:17:05+00:00,0,0,35,22,21,17,2452-4980,,0,0,0,0.0,False,,0.0,0.0,0.0,True
https://adnz.uchile.cl/index.php/index/oai,ojs,3.3.0.8,2024-09-29T08:03:08Z,Revistas de la Universidad de Chile,ADNZ,A.Dnz,5a149fcb88c5f,145,0719-4676,cl,CL,CL,CL,cl,2024-09-29 08:12:14+00:00,2021-04-28 15:46:28+00:00,2024-05-02 21:25:08+00:00,2024-09-29 08:03:08+00:00,0,0,0,16,0,17,0719-4676,,0,0,0,0.0,False,,0.0,0.0,0.0,True
https://revistatransformar.cl/index.php/index/oai,ojs,3.3.0.6,2021-05-15T22:03:58Z,Revista Transformar,transformar,Transformar,60a012a476221,68,2735-6302,Chile,CL,CL,CL,cl,2024-10-10 07:35:38+00:00,2021-05-15 11:28:15+00:00,2024-10-15 18:01:04+00:00,2024-10-10 07:35:34+00:00,0,0,4,17,14,17,2735-6302,,0,0,0,0.0,False,,0.0,0.0,0.0,True
https://revistas.umce.cl/index.php/index/oai,ojs,3.3.0.16,2017-04-24T10:07:19Z,Portal Oficial de Revistas Académicas de la UMCE,dialogoseducativos,Revista Electrónica Diálogos Educativos. REDE,56b34cf039b64,299,0718-1310,cl,CL,CL,CL,cl,2024-10-08 08:24:12+00:00,2020-05-26 09:04:53+00:00,2024-10-18 14:01:43+00:00,2024-10-08 08:23:14+00:00,0,0,0,0,3,17,0718-1310,,0,0,0,0.0,False,,0.0,0.0,0.0,True
https://revistas.uft.cl/index.php/index/oai,ojs,3.3.0.6,2020-04-30T21:14:01Z,Portal de Revistas,rre,Revista Realidad Educativa,5e781d58194a1,51,2452-6134,Chile,CL,CL,CL,cl,2024-10-02 06:51:11+00:00,2020-05-01 13:16:26+00:00,2024-10-10 20:31:19+00:00,2024-10-02 06:50:38+00:00,0,0,0,7,13,16,2452-6134,S4210238748,23,23,3,0.3636363636363636,True,,0.4509803921568627,1.0,0.4509803921568627,True
https://praxispsi.udp.cl/index.php/index/oai,ojs,3.2.1.4,2018-12-03T18:07:22Z,,praxispsi,Praxispsi,5beddffb97f87,161,2735-6957,cl,CL,CL,US,cl,2024-10-12 04:59:28+00:00,2020-05-07 08:48:52+00:00,2021-08-31 13:53:30+00:00,2024-10-12 04:59:23+00:00,0,0,16,9,16,16,2735-6957,S4210201890,131,50,3,0.1851851851851851,True,,0.3105590062111801,0.3816793893129771,0.8136645962732919,True
http://jmh.ucv.cl/index.php/index/oai,ojs,3.3.0.13,2024-06-19T15:06:12Z,JM&H,jmh,Journal of Movement & Health,5df297b303c23,157,2452-5812,Chile,CL,CL,CL,cl,2024-10-05 04:10:06+00:00,2020-05-08 13:51:49+00:00,2020-05-27 15:57:30+00:00,2024-10-05 04:10:00+00:00,0,0,15,8,16,16,2452-5812,S4210220755,133,203,7,0.6666666666666666,True,,1.2929936305732483,1.5263157894736843,0.8471337579617835,True
https://revistas.uautonoma.cl/index.php/index/oai,ojs,3.3.0.10,2020-04-21T21:42:28Z,Revistas Académicas: Universidad Autonóma de Chile,rjyd,Revista Justicia & Derecho,5e937713d7785,126,0719-9392,Chile,CL,CL,CL,cl,2024-09-30 05:42:47+00:00,2020-06-28 16:20:08+00:00,2024-10-11 19:47:19+00:00,2024-09-30 05:41:42+00:00,0,0,24,27,15,16,0719-9392,S4210206192,151,96,5,0.4054054054054054,True,,0.7619047619047619,0.6357615894039735,1.1984126984126984,True
https://www.tscuadernosdetrabajosocial.cl/index.php/index/oai,ojs,3.1.2.4,2016-03-04T01:04:30Z,Sección Gestor TS Cuadernos de trabajo social,TS,TS Cuadernos de Trabajo Social,5b6ce4e2f3bca,183,0719-6520,Chile,CL,CL,CL,cl,2024-10-07 05:00:47+00:00,2020-10-07 13:25:22+00:00,2024-06-24 07:17:14+00:00,2024-10-07 05:00:40+00:00,0,0,12,16,12,16,0719-6520,,0,0,0,0.0,False,,0.0,0.0,0.0,True
https://revistateoriadelarte.uchile.cl/index.php/index/oai,ojs,3.3.0.8,2024-09-29T07:31:53Z,Revistas de la Universidad de Chile,RTA,Revista de Teoría del Arte,5a149fcb88c5f,406,0719-7276,Chile,CL,CL,CL,cl,2024-09-29 07:44:28+00:00,2020-12-03 05:36:59+00:00,2023-10-26 00:44:55+00:00,2024-09-29 07:31:53+00:00,0,0,0,9,6,16,0719-7276,,0,0,0,0.0,False,,0.0,0.0,0.0,True
https://sabereseducativos.uchile.cl/index.php/index/oai,ojs,3.3.0.8,2024-10-01T06:08:40Z,Revistas de la Universidad de Chile,RSED,Revista Saberes Educativos,5a149fcb88c5f,129,2452-5014,Chile,CL,CL,CL,cl,2024-10-01 06:21:57+00:00,2020-06-27 10:58:40+00:00,2024-09-26 15:20:52+00:00,2024-10-01 06:08:40+00:00,0,0,11,25,14,16,2452-5014,S4210213034,89,305,9,0.2,True,,2.364341085271318,3.426966292134832,0.689922480620155,True
https://rompefilas.cl/index.php/index/oai,ojs,3.3.0.0,2024-05-10T00:12:20Z,,home,Rompefilas,607fafb5de63e,37,0716-7598,Chile,CL,CL,CL,cl,2024-05-10 00:12:26+00:00,2021-04-20 21:54:03+00:00,2023-09-03 18:27:00+00:00,2024-05-10 00:12:23+00:00,0,0,0,15,6,16,0716-7598,,0,0,0,0.0,False,,0.0,0.0,0.0,True
https://revistas.udla.cl/index.php/index/oai,ojs,3.1.1.2,2020-09-26T14:16:59Z,,rea,Revista Educación Las Américas,5d9f65d9cc5a4,122,0719-7128,Chile,CL,CL,CL,cl,2024-10-04 04:24:52+00:00,2021-04-25 18:28:52+00:00,2024-10-15 12:14:02+00:00,2024-10-04 04:24:47+00:00,0,0,23,10,7,16,0719-7128,S4210210017,71,195,8,0.391304347826087,True,,1.598360655737705,2.7464788732394365,0.5819672131147541,True
https://cintademoebio.uchile.cl/index.php/index/oai,ojs,3.3.0.8,2024-10-01T04:49:20Z,Revistas de la Universidad de Chile,CDM,Cinta de Moebio. Revista de Epistemología de Ciencias Sociales,5a149fcb88c5f,572,0717-554X,cl,CL,CL,CL,cl,2024-10-01 04:57:47+00:00,2021-06-16 09:37:57+00:00,2023-12-12 11:33:10+00:00,2024-10-01 04:49:20+00:00,0,0,31,17,15,16,0717-554X,S86099896,414,2539,22,0.4193548387096774,True,,4.438811188811189,6.132850241545894,0.7237762237762237,True
https://revistas.udec.cl/index.php/index/oai,ojs,3.2.0.3,2017-05-14T04:45:46Z,Revistas Académicas Universidad de Concepción,gyap,Gobierno y Administración Pública,58e51e0ae72e0,59,2735-7074,cl,CL,CL,CL,cl,2024-10-02 07:40:56+00:00,2020-06-10 13:58:40+00:00,2022-12-26 11:47:32+00:00,2024-10-02 07:38:14+00:00,0,0,0,7,18,16,2735-7074,S4210199428,26,16,2,0.0,True,,0.2711864406779661,0.6153846153846154,0.4406779661016949,True
https://revistas.uautonoma.cl/index.php/index/oai,ojs,3.3.0.10,2020-04-21T21:42:28Z,Revistas Académicas: Universidad Autonóma de Chile,reaf,Revista Chilena de Rehabilitación y Actividad Física,5e937713d7785,41,2735-7287,cl,CL,CL,CL,cl,2024-09-30 05:42:47+00:00,2020-06-28 16:20:08+00:00,2024-10-11 19:47:19+00:00,2024-09-30 05:41:42+00:00,0,0,0,4,14,16,2735-7287,S4210207499,23,13,2,0.1875,True,,0.3170731707317073,0.5652173913043478,0.5609756097560976,True
https://reinnec.cl/index.php/index/oai,ojs,3.3.0.12,2022-10-20T23:30:34Z,Open Journal Systems,reinnec,Revista de Innovación en Enseñanza de las Ciencias,572748a573f45,125,0719-9007,cl,CL,CL,,cl,2024-10-21 04:32:30+00:00,2021-11-04 09:50:36+00:00,2024-10-17 14:16:18+00:00,2024-10-21 04:32:22+00:00,0,0,23,16,0,16,0719-9007,S4210218120,17,8,3,0.0,True,,0.064,0.4705882352941176,0.136,True
https://ediciones.ucsh.cl/index.php/index/oai,ojs,3.3.0.8,2017-11-27T12:16:56Z,Portal de Publicaciones Académicas UCSH,RSAP,Revista Sul-Americana de Psicologia,5a0b01e18d96a,200,2318-650X,cl,CL,CL,,cl,2024-10-02 05:48:28+00:00,2022-01-13 16:10:29+00:00,2023-10-20 14:22:00+00:00,2024-10-02 05:47:23+00:00,0,0,9,24,13,16,2318-650X,S4210191468,75,139,3,0.1379310344827586,True,,0.695,1.8533333333333333,0.375,True
https://revistas.ulagos.cl/index.php/index/oai,ojs,3.1.2.4,2023-04-06T01:43:26Z,Portal de Revistas Universidad de los Lagos,interedu,Revista INTEREDU,64243d253adae,129,2735-6523,cl,CL,CL,,cl,2024-10-20 08:50:58+00:00,2023-08-07 17:10:35+00:00,2024-09-30 12:25:54+00:00,2024-10-20 08:50:15+00:00,0,0,49,32,19,16,2735-6523,S4210179512,37,30,3,0.25,True,,0.2325581395348837,0.8108108108108109,0.2868217054263566,True
https://revistatrabajosocial.uc.cl/index.php/index/oai,ojs,3.2.1.4,2018-12-11T11:20:45Z,Revistas UC,RTS,Revista de Trabajo Social,5a281158ae477,503,2735-7228,cl,CL,CL,,cl,2024-09-28 07:09:43+00:00,2024-01-11 20:38:13+00:00,2024-08-12 21:41:25+00:00,2024-09-28 07:06:24+00:00,0,0,132,13,19,16,2735-7228,S4210182826,183,159,6,0.0,True,,0.3161033797216699,0.8688524590163934,0.3638170974155069,True
https://revistas.academia.cl/index.php/index/oai,ojs,3.1.1.4,2015-01-08T18:02:34Z,Portal de Revistas de la Universidad Academia de Humanismo Cristiano,academia,Revista de la Academia,548056eab171e,160,0719-6318,Chile,CL,CL,CL,cl,2024-10-08 07:13:42+00:00,2020-05-08 14:48:18+00:00,2024-10-03 18:41:17+00:00,2024-10-08 07:13:06+00:00,0,0,16,22,14,15,0719-6318,S4210184688,140,198,5,0.1034482758620689,True,,1.2375,1.4142857142857144,0.875,True
https://litterascripta.unab.cl/index.php/index/oai,ojs,3.3.0.13,2023-08-25T23:21:25Z,,litterascripta,Littera Scripta,,58,2735-6140,cl,CL,CL,,cl,2024-10-21 06:50:18+00:00,2023-12-11 12:38:50+00:00,2024-10-15 22:14:04+00:00,2024-10-21 06:50:08+00:00,0,0,5,15,15,15,2735-6140,S4390297216,0,0,1,0.0285714285714285,True,,0.0,0.0,0.0,True
https://revistamutatismutandis.com/index.php/index/oai,ojs,3.3.0.13,2019-02-16T06:34:56Z,,mutatismutandis,Mutatis Mutandis: Revista Internacional de Filosofía,5c66ffb384a9f,263,0719-4773,Chile,CL,,US,cl,2024-10-21 09:09:07+00:00,2020-06-03 18:43:26+00:00,2024-09-29 14:30:26+00:00,2024-10-21 09:08:58+00:00,0,0,36,22,31,14,0719-4773,,0,0,0,0.0,False,,0.0,0.0,0.0,True
https://reidu.cl/index.php/index/oai,ojs,3.3.0.8,2020-06-19T03:34:03Z,,REIDU,Revista Electrónica de Investigación en Docencia Universitaria,5c13d087cf30a,68,2452-4875,Chile,CL,CL,US,cl,2024-10-10 04:48:41+00:00,2020-08-23 03:15:35+00:00,2024-09-13 14:12:01+00:00,2024-10-10 04:48:36+00:00,0,0,16,15,5,14,2452-4875,S4387281626,0,0,3,0.1818181818181818,True,,0.0,0.0,0.0,True
https://www.sophiaaustral.cl/index.php/index/oai,ojs,3.3.0.17,2015-11-09T15:40:27Z,Sophia Austral,shopiaaustral,Revista Sophia Austral,562ec3f041085,196,0719-5605,Chile,CL,CL,US,cl,2024-09-30 08:37:17+00:00,2020-09-24 09:10:12+00:00,2024-10-16 12:19:03+00:00,2024-09-30 08:37:10+00:00,0,0,33,21,16,14,0719-5605,S4210219938,120,266,7,0.4482758620689655,True,,1.3571428571428572,2.216666666666667,0.6122448979591837,True
https://revistanotashistoricasygeograficas.cl/index.php/index/oai,ojs,3.2.1.2,2021-01-21T12:15:55Z,,nhyg,Revista Notas Históricas y Geográficas,6000dc585e16d,420,0719-4404,cl,CL,CL,US,cl,2024-10-21 10:20:52+00:00,2021-01-18 19:50:05+00:00,2022-01-03 14:46:32+00:00,2024-10-21 10:20:44+00:00,0,0,1,338,38,14,0719-4404,S4394708470,0,0,1,0.0,True,,0.0,0.0,0.0,True
https://revistaprotestaycarisma.cl/index.php/index/oai,ojs,3.4.0.3,2023-02-07T17:49:39Z,,rpc,Revista Protesta y Carisma,5fd92089233ef,61,2452-5308,Chile,CL,CL,CL,cl,2024-10-03 06:28:36+00:00,2021-04-08 19:20:02+00:00,2024-10-07 18:08:25+00:00,2024-03-01 04:16:14+00:00,0,0,0,25,22,14,2452-5308,S4404675695,0,0,1,0.0625,True,,0.0,0.0,0.0,True
http://revistaucmaule.ucm.cl/index.php/index/oai,ojs,3.1.0.1,2018-09-08T01:12:20Z,Publicaciones Universidad Católica del Maule,revistace,Convergencia Educativa,index_5097,104,0719-3351,Chile,CL,CL,CL,cl,2024-10-21 07:23:48+00:00,2021-05-15 14:37:34+00:00,2021-05-15 14:37:34+00:00,2024-10-21 07:22:46+00:00,0,0,11,11,12,14,0719-3351,S4210220510,88,67,3,0.1666666666666666,True,,0.6442307692307693,0.7613636363636364,0.8461538461538461,True
http://ojs.revpropulsion.cl/index.php/index/oai,ojs,3.3.0.7,2022-05-07T18:24:14Z,Ediciones de revistas académicas. ProPulsión,revpropulsion,Revista ProPulsión Interdisciplina en Ciencias Sociales y Humanidades,5dd820009f589,70,2452-5758,cl,CL,CL,US,cl,2024-10-07 06:36:01+00:00,2020-05-06 06:55:02+00:00,2024-10-18 18:07:34+00:00,2024-10-07 06:35:50+00:00,0,0,8,16,19,14,2452-5758,S4210235774,57,16,2,0.2571428571428571,True,,0.2285714285714285,0.2807017543859649,0.8142857142857143,True
https://revistas.uv.cl/index.php/index/oai,ojs,3.3.0.17,2015-05-13T16:48:26Z,Portal de revistas - Universidad de Valparaíso,matroneria,Revista Matronería Actual,5499cd3d812c2,76,2452-5820,cl,CL,CL,,cl,2024-10-13 06:09:19+00:00,2021-12-03 11:15:40+00:00,2024-10-17 12:38:42+00:00,2024-10-13 06:08:12+00:00,0,0,7,11,33,14,2452-5820,S4210168623,46,26,3,0.075,True,,0.3421052631578947,0.5652173913043478,0.6052631578947368,True
http://coloquio2019.cenaltes.cl/ojs/3401/index.php/index/oai,ojs,3.4.0.1,2024-03-30T05:25:48Z,Open Journal Systems,dorsal,Dorsal. Revista de Estudios Foucaultianos,65c446968e095,190,0719-7519,cl,CL,CL,,cl,2024-05-10 02:25:48+00:00,2024-02-15 04:42:47+00:00,2024-02-20 13:20:31+00:00,2024-03-30 05:25:49+00:00,0,0,32,23,27,14,0719-7519,,0,0,0,0.0,False,,0.0,0.0,0.0,True
https://lajtp.uchile.cl/index.php/index/oai,ojs,3.3.0.8,2024-10-08T05:06:52Z,Revistas de la Universidad de Chile,LAJTP,Latin American Journal of Trade Policy,5a149fcb88c5f,89,0719-9368,Chile,CL,CL,CL,cl,2024-10-08 05:17:05+00:00,2020-05-05 08:12:50+00:00,2024-10-18 15:32:51+00:00,2024-10-08 05:06:53+00:00,0,0,25,13,14,13,0719-9368,S4210190828,77,122,6,0.3333333333333333,True,,1.3707865168539326,1.5844155844155845,0.8651685393258427,True
https://revistasdex.uchile.cl/index.php/index/oai,ojs,3.2.1.1,2019-11-28T12:21:31Z,Revistas de Difusión y Extensión  - Universidad de Chile,cdb,Cuadernos de Beauchef,5da85b61dafce,128,2452-493X,cl,CL,CL,CL,cl,2024-10-02 05:03:29+00:00,2021-04-20 06:22:04+00:00,2024-10-17 11:24:50+00:00,2024-10-02 05:01:29+00:00,0,0,0,60,36,13,2452-493X,,0,0,0,0.0,False,,0.0,0.0,0.0,True
https://revistas.umce.cl/index.php/index/oai,ojs,3.3.0.16,2017-04-24T10:07:19Z,Portal Oficial de Revistas Académicas de la UMCE,actaent,Acta Entomológica Chilena,56b34cf039b64,249,0716-5072,cl,CL,CL,CL,cl,2024-10-08 08:24:12+00:00,2020-05-26 09:04:53+00:00,2024-10-18 14:01:43+00:00,2024-10-08 08:23:14+00:00,0,0,0,0,236,13,0716-5072,S4306500324,234,554,9,0.0,True,,2.2248995983935744,2.3675213675213675,0.9397590361445785,True
https://fdd.ufro.cl/ojs/index.php/index/oai,ojs,3.3.0.17,2014-01-10T11:45:40Z,Portal de Revistas Académicas de la Universidad de La Frontera,fdd,En las Fronteras del Derecho,554ec47e24b40,36,2735-7236,cl,CL,CL,,cl,2024-10-08 07:15:04+00:00,2023-06-07 04:09:43+00:00,2024-06-13 11:47:33+00:00,2024-10-08 07:14:59+00:00,0,0,0,0,15,13,2735-7236,S4387283165,0,0,2,0.1,True,,0.0,0.0,0.0,True
https://www.analesdelinstitutodelapatagonia.cl/index.php/index/oai,ojs,3.3.0.17,2013-10-13T22:19:44Z,Portal de Revistas Umag,analespatagonia,Anales del Instituto de la Patagonia -- ISSN 0718-686X,5c0e862b94fc6,458,0718-686X,Chile,CL,CL,US,cl,2024-10-07 05:26:39+00:00,2020-05-06 21:04:18+00:00,2024-09-24 01:25:00+00:00,2024-10-07 05:26:32+00:00,0,0,20,39,18,12,0718-686X,S4210209654,360,1242,14,0.4285714285714285,True,,2.7117903930131004,3.45,0.7860262008733624,True
https://revistaatemus.uchile.cl/index.php/index/oai,ojs,3.3.0.8,2024-09-30T04:19:30Z,Revistas de la Universidad de Chile,atemus,Átemus,5a149fcb88c5f,142,0719-885X,Chile,CL,CL,CL,cl,2024-09-30 04:29:49+00:00,2020-08-03 16:50:17+00:00,2022-05-19 07:06:30+00:00,2024-09-30 04:19:30+00:00,0,0,19,18,14,12,0719-885X,,0,0,0,0.0,False,,0.0,0.0,0.0,True
https://revistas.uv.cl/index.php/index/oai,ojs,3.3.0.17,2015-05-13T16:48:26Z,Portal de revistas - Universidad de Valparaíso,Benessere,Benessere. Revista de Enfermería,5499cd3d812c2,72,0719-7764,cl,CL,CL,,cl,2024-10-13 06:09:19+00:00,2021-12-03 11:15:40+00:00,2024-10-17 12:38:42+00:00,2024-10-13 06:08:12+00:00,0,0,9,13,9,12,0719-7764,S4210218454,70,0,0,0.0,True,,0.0,0.0,0.9722222222222222,True
https://revistasochmedep.cl/index.php/index/oai,ojs,3.4.0.7,2022-04-27T16:36:39Z,,Revista,Archivos de la Sociedad Chilena de Medicina del Deporte,626349c365a3b,69,0719-7322,cl,CL,CL,,cl,2024-10-21 08:48:40+00:00,2022-04-22 17:49:40+00:00,2024-10-20 00:17:08+00:00,2024-10-21 08:48:32+00:00,0,0,5,7,5,12,0719-7322,S4393915628,0,0,0,0.0,True,,0.0,0.0,0.0,True
https://rduss.cl/index.php/index/oai,ojs,3.3.0.11,2022-08-03T17:44:04Z,,ojs,Revista de Derecho y Ciencias Sociales,62c8734487af7,59,0718-302X,cl,CL,CL,,cl,2024-09-30 10:13:45+00:00,2022-07-08 11:11:29+00:00,2024-10-14 22:19:58+00:00,2024-09-30 10:13:38+00:00,0,0,0,0,20,12,0718-302X,,0,0,0,0.0,False,,0.0,0.0,0.0,True
http://revistas.upla.cl/index.php/index/oai,ojs,3.3.0.16,2012-11-29T12:20:35Z,Portal de Revistas Científicas,NRP,Nueva Revista del Pacífico,62e49aa4ade22,208,0719-5176,cl,CL,CL,,cl,2024-10-12 05:19:27+00:00,2024-05-26 16:37:07+00:00,2024-10-01 18:01:52+00:00,2024-10-12 05:19:02+00:00,0,0,32,39,23,12,0719-5176,S4306521173,171,204,6,0.1555555555555555,True,,0.9807692307692308,1.1929824561403508,0.8221153846153846,True
https://estudiosdetransporte.org/index/oai,ojs,3.2.1.0,2015-09-07T18:22:32Z,Estudios de Transporte,sochitran,Estudios de Transporte,5593f38c74dff,143,2735-6299,Chile,CL,,US,cl,2024-09-29 06:22:21+00:00,2020-12-24 09:45:21+00:00,2024-10-18 17:55:16+00:00,2024-09-29 06:22:16+00:00,0,0,0,11,6,11,2735-6299,,0,0,0,0.0,False,,0.0,0.0,0.0,True
https://www.revistaenfoques.cl/index.php/index/oai,ojs,3.4.0.5,2014-11-19T13:25:41Z,Revista Enfoques,revista-uno,Revista Enfoques: Ciencia Política y Administración Pública,54500546efd5c,345,0718-9656,cl,CL,CL,,cl,2024-10-13 04:23:00+00:00,2024-06-24 15:30:31+00:00,2024-09-24 18:20:27+00:00,2024-10-13 04:22:56+00:00,0,0,13,8,8,11,0718-9656,,0,0,0,0.0,False,,0.0,0.0,0.0,True
https://revistas.udec.cl/index.php/index/oai,ojs,3.2.0.3,2017-05-14T04:45:46Z,Revistas Académicas Universidad de Concepción,cuadernos_de_filosofia,Cuadernos de Filosofía,58e51e0ae72e0,135,0716-9884,Chile,CL,CL,CL,cl,2024-10-02 07:40:56+00:00,2020-06-10 13:58:40+00:00,2022-12-26 11:47:32+00:00,2024-10-02 07:38:14+00:00,0,0,38,24,30,10,0716-9884,S4210186410,261,328,5,0.0588235294117647,True,,2.4296296296296296,1.2567049808429118,1.9333333333333331,True
https://revistas.uv.cl/index.php/index/oai,ojs,3.3.0.17,2015-05-13T16:48:26Z,Portal de revistas - Universidad de Valparaíso,asid,Applied Sciences in Dentistry,5499cd3d812c2,106,0719-5761,cl,CL,CL,,cl,2024-10-13 06:09:19+00:00,2021-12-03 11:15:40+00:00,2024-10-17 12:38:42+00:00,2024-10-13 06:08:12+00:00,0,0,38,43,11,10,0719-5761,S4210185397,77,55,2,0.0,True,,0.5188679245283019,0.7142857142857143,0.7264150943396226,True
https://revistatrenzar.cl/index.php/index/oai,ojs,3.3.0.8,2022-02-01T23:05:50Z,,ojs,"Trenzar. Revista de Educación Popular, Pedagogía Crítica e Investigación Militante (ISSN 2452-4301)",61dc75545301c,51,2452-4301,cl,CL,CL,,cl,2024-09-29 04:35:03+00:00,2022-01-10 10:05:51+00:00,2024-09-09 15:38:18+00:00,2024-09-29 04:34:57+00:00,0,0,0,0,0,10,2452-4301,,0,0,0,0.0,False,,0.0,0.0,0.0,True
https://revistas.uautonoma.cl/index.php/index/oai,ojs,3.3.0.10,2020-04-21T21:42:28Z,Revistas Académicas: Universidad Autonóma de Chile,riem,Revista Iberoamericana de Estudios Municipales,5e937713d7785,180,0719-1790,Chile,CL,CL,CL,cl,2024-09-30 05:42:47+00:00,2020-06-28 16:20:08+00:00,2024-10-11 19:47:19+00:00,2024-09-30 05:41:42+00:00,0,0,12,12,12,9,0719-1790,S4210235114,217,227,6,0.5,True,,1.261111111111111,1.0460829493087558,1.2055555555555555,True
https://revistas.uv.cl/index.php/index/oai,ojs,3.3.0.17,2015-05-13T16:48:26Z,Portal de revistas - Universidad de Valparaíso,Bolmicol,Boletín Micológico,5499cd3d812c2,571,0719-3114,cl,CL,CL,,cl,2024-10-13 06:09:19+00:00,2021-12-03 11:15:40+00:00,2024-10-17 12:38:42+00:00,2024-10-13 06:08:12+00:00,0,0,10,16,11,9,0719-3114,S4210207313,623,790,10,0.0714285714285714,True,,1.38353765323993,1.2680577849117174,1.0910683012259197,True
https://grecorromana.unab.cl/index.php/index/oai,ojs,3.3.0.13,2024-04-25T22:07:21Z,,grecorromana,Grecorromana. Revista Chilena de Estudios Clásicos,,44,0719-9902,cl,CL,CL,,cl,2024-09-28 06:31:35+00:00,2023-12-12 13:08:41+00:00,2024-10-10 11:50:22+00:00,2024-09-28 06:31:30+00:00,0,0,4,10,10,9,0719-9902,S4404669686,0,0,1,0.0476190476190476,True,,0.0,0.0,0.0,True
https://revistasteiniana.uc.cl/index.php/index/oai,ojs,3.2.1.4,2018-12-11T11:20:45Z,Revistas UC,STE,STEINIANA: Revista de Estudios Interdisciplinarios,5a281158ae477,74,0719-8728,cl,CL,CL,,cl,2024-10-12 05:29:25+00:00,2024-05-30 19:43:40+00:00,2024-09-12 14:48:25+00:00,2024-10-12 05:27:02+00:00,0,0,8,1,14,9,0719-8728,S4210226619,7,8,2,0.2352941176470588,True,,0.1081081081081081,1.1428571428571428,0.0945945945945946,True
https://www.sochiem.cl/revista-rechiem/index.php/index/oai,ojs,3.2.1.4,2022-04-08T21:20:47Z,,rechiem,Revista Chilena de Educación Matemática,5c8f50ff1c421,51,2452-5448,cl,CL,CL,CL,cl,2024-10-02 05:01:07+00:00,2020-05-26 06:58:26+00:00,2024-09-26 23:52:56+00:00,2024-10-02 05:00:59+00:00,0,0,10,20,9,8,2452-5448,S4210232693,43,79,4,1.0588235294117647,True,,1.5490196078431373,1.837209302325581,0.8431372549019608,True
https://revistavincularte.cl/index.php/index/oai,ojs,3.3.0.14,2023-06-22T19:10:03Z,,ojs,Vincularte,647e3b12278fe,77,2810-6636,cl,CL,CL,,cl,2024-10-20 07:05:52+00:00,2023-06-05 19:55:07+00:00,2024-10-08 13:16:20+00:00,2024-10-20 07:05:44+00:00,0,0,10,7,6,8,2810-6636,,0,0,0,0.0,False,,0.0,0.0,0.0,True
http://revistaucmaule.ucm.cl/index.php/index/oai,ojs,3.1.0.1,2018-09-08T01:12:20Z,Publicaciones Universidad Católica del Maule,revistaeduest,Revista de Educación Estadística,index_5097,27,2810-6164,cl,CL,CL,CL,cl,2024-10-21 07:23:48+00:00,2021-05-15 14:37:34+00:00,2021-05-15 14:37:34+00:00,2024-10-21 07:22:46+00:00,0,0,0,0,9,8,2810-6164,S4387285819,0,0,1,0.1,True,,0.0,0.0,0.0,True
https://revistas.usm.cl/index/oai,ojs,3.4.0.5,2024-07-25T15:42:00Z,,scientia,Scientia,1D046D4A-5938-42E2-9318-B8EC54C82758,45,0716-8446,cl,CL,CL,,cl,2024-10-13 05:22:29+00:00,2024-07-04 14:49:42+00:00,2024-09-23 13:16:14+00:00,2024-10-13 05:22:25+00:00,0,0,0,0,6,8,0716-8446,,0,0,0,0.0,False,,0.0,0.0,0.0,True
https://revista.celei.cl/index.php/index/oai,ojs,3.3.0.15,2024-10-07T06:08:29Z,,PREI,Polyphōnía. Revista de Educación Inclusiva / Polyphōnía. Journal of Inclusive Education,56e88cf73faa6,131,0719-7438,Chile,CL,CL,US,cl,2024-10-07 06:08:37+00:00,2020-05-03 09:17:33+00:00,2023-10-07 01:43:24+00:00,2024-10-07 06:08:29+00:00,0,0,14,23,19,7,0719-7438,,0,0,0,0.0,False,,0.0,0.0,0.0,True
https://100cs.cl/index.php/index/oai,ojs,3.2.0.3,2020-06-14T04:49:04Z,,cs,REVISTA DE HUMANIDADES Y CIENCIAS SOCIALES Y MULTIDISCIPLINARIA,5ebd0ba255b3d,157,0719-5737,Chile,CL,CL,GB,cl,2024-10-08 07:05:02+00:00,2020-05-14 02:18:26+00:00,2024-02-05 11:49:54+00:00,2024-10-08 07:04:58+00:00,0,0,0,29,6,7,0719-5737,S4387291892,0,0,0,0.0,True,,0.0,0.0,0.0,True
https://revistaobservatoriodeldeporte.cl/index.php/index/oai,ojs,3.2.0.3,2021-01-09T03:38:35Z,,odep,Revista Observatorio del Deporte,5ebd211545ae6,254,0719-5729,cl,CL,CL,GB,cl,2024-09-29 04:20:57+00:00,2020-05-14 13:32:05+00:00,2023-08-19 12:11:37+00:00,2024-09-29 04:20:53+00:00,0,0,26,11,20,7,0719-5729,S4387285479,0,0,1,0.1764705882352941,True,,0.0,0.0,0.0,True
https://revistas.uautonoma.cl/index.php/index/oai,ojs,3.3.0.10,2020-04-21T21:42:28Z,Revistas Académicas: Universidad Autonóma de Chile,jmabs,Journal of Management & Business Studies,5e937713d7785,66,2452-5340,Chile,CL,CL,CL,cl,2024-09-30 05:42:47+00:00,2020-06-28 16:20:08+00:00,2024-10-11 19:47:19+00:00,2024-09-30 05:41:42+00:00,0,0,4,19,12,7,2452-5340,S4210213301,61,50,3,0.2592592592592592,True,,0.7575757575757576,0.819672131147541,0.9242424242424242,True
http://revistaucmaule.ucm.cl/index.php/index/oai,ojs,3.1.0.1,2018-09-08T01:12:20Z,Publicaciones Universidad Católica del Maule,cuenfer,Cuadernos de Enfermería,index_5097,21,2735-7325,cl,CL,CL,CL,cl,2024-10-21 07:23:48+00:00,2021-05-15 14:37:34+00:00,2021-05-15 14:37:34+00:00,2024-10-21 07:22:46+00:00,0,0,0,8,0,7,2735-7325,,0,0,0,0.0,False,,0.0,0.0,0.0,True
https://revistas.uv.cl/index.php/index/oai,ojs,3.3.0.17,2015-05-13T16:48:26Z,Portal de revistas - Universidad de Valparaíso,Panambi,Panambí. Revista de Investigaciones Artísticas,5499cd3d812c2,165,0719-630X,cl,CL,CL,,cl,2024-10-13 06:09:19+00:00,2021-12-03 11:15:40+00:00,2024-10-17 12:38:42+00:00,2024-10-13 06:08:12+00:00,0,0,8,29,14,7,0719-630X,S4210185775,148,51,3,0.0,True,,0.3090909090909091,0.3445945945945945,0.896969696969697,True
https://rocc.uchile.cl/index.php/index/oai,ojs,3.3.0.8,2024-10-04T05:02:43Z,Revistas de la Universidad de Chile,ROCC,Revista Odontológica Científica Chilena,5a149fcb88c5f,29,2735-7600,cl,CL,CL,,cl,2024-10-04 05:09:58+00:00,2022-03-07 10:40:49+00:00,2024-07-29 14:03:28+00:00,2024-10-04 05:02:43+00:00,0,0,0,0,15,7,2735-7600,,0,0,0,0.0,False,,0.0,0.0,0.0,True
https://pragmatikasolutions.com/consensus/ojs2/index.php/index/oai,ojs,3.1.1.4,2018-12-02T20:39:22Z,,consensus,Pragmatika review,5a7d128e6c50f,134,2452-5006,cl,CL,,,cl,2022-11-25 04:45:10+00:00,2022-08-20 23:57:53+00:00,2022-09-16 11:31:47+00:00,2022-11-25 04:45:10+00:00,1,0,24,28,32,7,2452-5006,,0,0,0,0.0,False,,0.0,0.0,0.0,True
https://www.revistas.usach.cl/historico/index.php/index/oai,ojs,3.4.0.5,2013-05-03T13:45:31Z,Revistas y Publicaciones de la Universidad de Santiago de Chile,remetallica,Remetallica,5b22733b94176,234,0716-291X,cl,CL,CL,,cl,2024-09-30 10:11:05+00:00,2024-08-21 19:33:33+00:00,2024-10-15 20:32:41+00:00,2024-09-30 10:10:22+00:00,0,0,0,8,7,7,0716-291X,S4210234839,20,3,1,0.0769230769230769,True,,0.0128205128205128,0.15,0.0854700854700854,True
https://www.projurepucv.cl/index.php/index/oai,ojs,3.3.0.13,2024-10-21T04:57:54Z,Revista de Derecho de la Pontificia Universidad Católica de Valparaíso,rderecho,Pro Jure Revista de Derecho - Pontificia Universidad Católica de Valparaíso,648cb454e7982,1043,2810-7659,cl,CL,CL,,cl,2024-10-21 04:58:05+00:00,2024-09-06 17:01:30+00:00,2024-10-15 19:26:44+00:00,2024-10-21 04:57:55+00:00,0,0,16,22,10,7,2810-7659,,0,0,0,0.0,False,,0.0,0.0,0.0,True
https://boletinanestesia.uchile.cl/index.php/index/oai,ojs,3.3.0.8,2024-10-08T04:26:04Z,Revistas de la Universidad de Chile,BA,Boletín de Anestesia,5a149fcb88c5f,20,2735-6310,Chile,CL,CL,CL,cl,2024-10-08 04:35:45+00:00,2020-05-04 07:27:54+00:00,2022-11-15 11:52:21+00:00,2024-10-08 04:26:05+00:00,0,0,4,5,5,6,2735-6310,,0,0,0,0.0,False,,0.0,0.0,0.0,True
http://revistapai.ucm.cl/index.php/index/oai,ojs,3.1.0.1,2018-09-08T01:12:20Z,Publicaciones Universidad Católica del Maule,revistapai,Pensamiento y Acción Interdisciplinaria,index_5098,133,0719-8078,Chile,CL,CL,CL,cl,2024-10-11 05:34:32+00:00,2021-05-15 14:37:34+00:00,2021-05-15 14:37:34+00:00,2024-10-11 05:33:52+00:00,0,0,8,19,30,6,0719-8078,S4210172884,93,99,5,0.0833333333333333,True,,0.7443609022556391,1.064516129032258,0.6992481203007519,True
https://revistas.uv.cl/index.php/index/oai,ojs,3.3.0.17,2015-05-13T16:48:26Z,Portal de revistas - Universidad de Valparaíso,IEYA,"Revista Infancia, Educación y Aprendizaje",5499cd3d812c2,381,0719-6202,cl,CL,CL,,cl,2024-10-13 06:09:19+00:00,2021-12-03 11:15:40+00:00,2024-10-17 12:38:42+00:00,2024-10-13 06:08:12+00:00,0,0,27,6,15,6,0719-6202,S4210167820,345,563,10,0.3571428571428571,True,,1.4776902887139107,1.6318840579710143,0.905511811023622,True
https://www.politicayestrategia.cl/index.php/index/oai,ojs,3.1.2.4,2017-08-21T23:25:01Z,Open Journal Systems,cdt,Cuaderno de trabajo,5966e94e918b4,75,0719-4110,cl,CL,CL,CL,cl,2024-09-29 07:05:44+00:00,2020-05-04 06:27:08+00:00,2021-10-28 06:48:05+00:00,2024-09-29 07:05:25+00:00,0,0,0,59,6,6,0719-4110,,0,0,0,0.0,False,,0.0,0.0,0.0,True
https://revistas.ugm.cl/index.php/index/oai,ojs,3.3.0.14,2015-11-29T20:28:32Z,Revistas Académicas de la Universidad Gabriela Mistral,rnodos,Revista Nodos,55cba1251de7d,6,2810-6008,cl,CL,CL,CL,cl,2023-10-23 04:11:00+00:00,2020-05-01 20:41:16+00:00,2023-04-12 15:05:06+00:00,2023-10-14 06:20:37+00:00,1,0,0,0,0,6,2810-6008,,0,0,0,0.0,False,,0.0,0.0,0.0,True
https://www.revistas.usach.cl/historico/index.php/index/oai,ojs,3.4.0.5,2013-05-03T13:45:31Z,Revistas y Publicaciones de la Universidad de Santiago de Chile,publicitas,Publicitas,5b22733b94176,136,0719-4005,cl,CL,CL,,cl,2024-09-30 10:11:05+00:00,2024-08-21 19:33:33+00:00,2024-10-15 20:32:41+00:00,2024-09-30 10:10:22+00:00,0,0,15,13,13,6,0719-4005,,0,0,0,0.0,False,,0.0,0.0,0.0,True
https://revistas.uautonoma.cl/index.php/index/oai,ojs,3.3.0.10,2020-04-21T21:42:28Z,Revistas Académicas: Universidad Autonóma de Chile,ejpad,"European Journal of Child Development, Education and Psychopathology",5e937713d7785,113,2340-924X,Spain,ES,CL,CL,es,2024-09-30 05:42:47+00:00,2020-06-28 16:20:08+00:00,2024-10-11 19:47:19+00:00,2024-09-30 05:41:42+00:00,0,0,15,11,0,10,2340-924X,S4210199634,146,338,7,0.0,True,,2.9911504424778763,2.315068493150685,1.2920353982300885,True
https://textoshibridos.uai.cl/index.php/index/oai,ojs,3.1.2.4,2020-01-24T21:34:33Z,,textoshibridos,Textos Híbridos,5de6b6191f24c,148,2157-0159,California,US,CL,US,us,2024-10-04 06:24:37+00:00,2020-05-03 13:15:59+00:00,2024-08-22 23:48:32+00:00,2024-10-04 06:24:31+00:00,0,0,13,27,17,13,2157-0159,S4210216268,1,0,0,0.0,True,,0.0,0.0,0.0067567567567567,True
